Date,      Genel, 1. Gıda ve Alkolsüz İçecekler, 2. Alkollü İçeçekler ve Tütün, 3. Giyim ve Ayakkabı," 4. Konut, Su, Elektrik, Gaz ve Diğer Yakıtlar "," 5. Mobilya, Ev Aletleri ve Ev Bakım Hizmetleri", 6. Sağlık, 7. Ulaştırma , 8. Haberleşme, 9. Eğlence ve Kültür,10. Eğitim,11. Lokanta ve Oteller,12. Çeşitli Mal ve Hizmetler
Jan-01,42.776477,46.72001556,36.05096777,36.23755717,43.46390884,41.8547341,40.22783793,43.67529999,35.78341736,43.53955695,41.79816945,51.77028961,38.02253037
Feb-01,44.17231277,46.6438359,36.54348238,36.81671828,45.88134087,44.93594244,45.62914725,43.95277121,47.62356687,46.74738147,43.72635136,52.15857115,38.38439169
Mar-01,47.25173251,49.17220806,45.54735037,38.34223206,49.13692727,49.27085316,47.44963949,46.06402723,47.86093302,52.15111521,47.58687302,57.56785676,42.75224464
Apr-01,54.47162897,56.29601648,59.16845722,44.12454296,53.35671899,58.53151655,52.47147564,57.54094862,49.59212344,65.81540467,48.66834243,60.48242472,49.02174552
May-01,56.08797987,57.71563701,59.75073907,47.60056213,55.3054956,60.73499141,53.07631036,59.80200759,49.20426716,65.04147061,48.77094432,60.81117649,51.12606859
Jun-01,58.05118247,60.70864063,56.8188772,49.09009112,58.65135074,63.23254849,53.64958184,61.06082325,49.3063346,65.1622479,51.43859347,63.04777247,52.95175036
Jul-01,59.73703834,57.35090195,62.32845532,50.14852281,61.4740481,65.70559754,57.36460971,65.84535536,73.69649461,67.91919479,53.83263759,62.1178582,54.18431992
Aug-01,62.85707064,61.09588831,71.59688503,51.45192851,64.60877534,71.27960965,60.46647015,66.66095827,74.14218911,72.38579137,55.25135999,68.25779844,57.21994313
Sep-01,66.58569795,65.31947577,72.18523993,54.64317348,68.01698592,73.97759893,61.06938194,70.52526425,74.18076111,75.79030217,63.69230373,66.8906214,65.25921306
Oct-01,70.49239819,69.33241668,76.14320447,60.30105386,74.10719849,78.87348169,67.6233645,72.90251252,74.7061236,80.95459164,65.57335914,69.5231486,66.61228482
Nov-01,71.67880349,71.45381653,76.64536407,61.88136952,74.39913638,83.23984092,67.01641877,73.16059078,74.16200391,81.35690105,63.92359991,68.98571244,68.9692819
Dec-01,73.72885379,76.23610719,77.45548786,63.36655002,75.61925009,83.91031852,71.80685327,73.47425876,74.06547501,83.77975496,63.62862881,69.30595832,69.94479532
Jan-02,75.07763373,78.68486622,72.34494258,63.85998824,75.91250013,84.7824712,71.50126928,72.95967866,91.99865852,81.78742351,62.37248141,72.61882918,75.82207551
Feb-02,76.57833333,80.7246721,72.27770705,65.07985954,78.355619,84.95126613,73.41880874,74.07149796,91.84041442,81.43852761,61.92015664,76.18463148,79.89738964
Mar-02,78.31996951,83.05940265,72.23275306,65.13392292,80.31555872,83.62743716,73.9389254,79.0127633,91.76129237,81.55564942,61.97998391,77.6096178,82.80043316
Apr-02,79.10387838,82.43649185,72.13973579,70.35954886,80.1988857,83.56974827,74.77781701,81.29564061,94.41866392,81.3084804,61.49212794,77.76867117,82.89950403
May-02,79.11615252,78.52488262,72.16761758,76.89539319,81.26896067,83.5734268,75.70089386,81.74964129,94.45347762,82.89364628,62.37308998,78.45019684,84.27004083
Jun-02,79.78211857,76.31180376,72.30657441,75.85757293,86.4466965,85.78467699,76.41937026,84.2840286,94.91760756,86.8224029,64.04605337,77.12033757,85.77264545
Jul-02,82.12508859,76.43588705,82.05560388,75.00535685,88.72982318,89.68304042,80.77262149,88.26120468,99.47310164,92.31994205,66.55758165,80.5638326,88.03975683
Aug-02,84.93255919,84.41237604,82.67145429,76.59664346,89.03541195,92.77753397,80.79922551,88.50975719,100.1350664,93.77625242,66.62098233,82.27433983,87.92911602
Sep-02,86.20839462,84.71735168,83.28020127,76.70913566,91.67796149,93.18586793,81.03230126,89.63089604,101.1182993,92.64327482,76.62198484,83.84288992,88.73400152
Oct-02,89.01657424,84.92233944,83.91583009,84.99585902,91.93119039,95.84386206,81.83634071,89.68239522,101.1279828,93.58591624,102.0988649,84.17888635,88.88382661
Nov-02,89.91271927,87.00871588,84.46567051,84.00529408,95.21990443,96.92853263,82.16255549,89.18903798,101.8680331,94.97698183,101.8723514,86.3126489,88.28014153
Dec-02,91.7876325,91.50844011,84.86877935,86.18803471,94.63663817,96.77577695,85.1543058,91.16688486,101.7441524,94.49956526,101.0091628,86.56312406,89.68066687
Jan-03,94.87749382,92.57537145,94.98056312,86.19491867,95.96961349,99.66018749,89.77967908,98.72993617,101.7408563,97.4273297,102.3667456,88.38921009,97.00435664
Feb-03,97.21842701,96.600233,99.25698742,88.47189606,99.8114009,100.2759492,93.08126743,100.0058296,101.1972294,97.74918529,101.9886666,90.29615175,98.31359825
Mar-03,99.02350155,100.8305974,99.46439847,88.66800311,100.571807,101.4997503,97.66660435,100.7204755,101.2482632,98.72732498,102.2192372,92.15241386,98.49622864
Apr-03,100.7897884,102.720918,99.9716499,96.15231074,104.1778217,102.4069631,97.59329058,100.3038285,102.6098465,99.35275767,102.1990295,93.93822652,99.10129654
May-03,103.6598058,110.6654019,100.622484,104.5965312,102.5139801,102.7042158,101.1510111,99.54339442,102.0724802,99.74011643,100.1327104,95.65044499,98.68412717
Jun-03,100.089358,100.5938031,100.7637765,102.6813108,101.1989507,99.29004395,100.9329962,98.88534244,102.0013495,99.70918358,98.70264511,97.83890304,97.1216682
Jul-03,98.10967751,95.32133115,100.8688875,102.8310771,98.96066289,96.37528499,100.9646964,98.84577888,98.92955454,99.05205083,98.26903003,99.66093437,96.45230947
Aug-03,98.34106316,96.13554628,100.8438514,102.5100399,99.16834958,97.03371425,100.875668,98.76427384,98.37823103,98.75298655,98.29945861,100.5640192,96.0546594
Sep-03,100.1598057,98.72830156,100.8579334,104.1138129,98.9188526,98.41105372,103.5835453,99.95565859,97.66693335,100.8482423,98.19051096,101.1842205,103.9620754
Oct-03,101.7817672,100.2428088,100.8579334,108.7471896,99.13361142,99.74412497,104.3446511,101.1017025,97.4295672,102.1668579,98.65141964,109.6340457,104.6652275
Nov-03,102.5541685,101.2020881,100.8539404,108.3189658,99.69218014,101.3193606,105.0104354,101.6854586,97.50868925,103.1612341,99.8483186,113.4492232,104.8330449
Dec-03,103.3951432,104.3835994,100.6575945,106.7139441,99.88276955,101.2793517,105.0161552,101.4583209,99.21699953,103.3127307,99.13222764,117.2422068,105.3114079
Jan-04,104.1312517,108.027212,100.6575945,106.9467746,99.75036365,100.9366346,105.6321835,101.3530421,97.47712109,100.9984414,97.92059781,116.9622967,104.4366098
Feb-04,103.674697,106.2196458,100.8043244,106.6718565,99.71213746,101.5832963,105.6266497,101.2337862,96.14843532,100.7460681,97.39695649,120.1256828,104.3477334
Mar-04,105.2415244,108.0683758,111.5951192,108.1286672,104.4386738,101.2578913,105.5007613,101.679718,96.14843532,100.7939568,97.26899392,122.5665417,104.725386
Apr-04,105.8572038,107.2068381,112.6556848,113.115357,104.4551979,101.4732782,105.5977596,102.1950538,96.14843532,101.291696,97.59754605,128.888977,104.0273116
May-04,108.1540686,110.0894908,112.6150968,117.2893944,106.0575754,104.207836,110.2074253,103.245293,98.23637011,103.8409553,98.77410109,131.5428013,104.5786896
Jun-04,107.7156864,104.5539783,133.7585805,114.8741078,108.084789,106.3984029,110.9992907,103.7692113,99.19302386,104.7023632,99.98160768,131.7605068,104.4757506
Jul-04,107.7616359,106.1852746,134.0415831,114.1167324,107.8226135,105.673412,106.7769131,104.0080606,98.87653567,104.1743638,99.31250693,131.5432362,104.2858809
Aug-04,110.1441736,109.2920246,134.0877793,114.8486253,110.8525046,105.8162798,109.9221124,106.3765677,99.19302386,104.7687189,99.59964824,133.2856201,113.3974489
Sep-04,112.1181191,109.9681576,134.0902401,116.3343925,114.0061814,106.3437504,114.3902334,110.4188556,99.55282354,105.3979269,105.7760871,134.0766698,113.8254536
Oct-04,114.0076451,113.5102337,141.10014,120.4247969,114.3712036,106.4326458,115.1924449,110.8421719,99.5529079,105.3556785,105.5626884,134.2314221,116.1962242
Nov-04,114.6619018,115.2765091,140.9710163,118.7372561,115.4168888,106.5910943,119.026942,110.7163478,98.82672445,108.7773499,104.9999168,133.7702264,116.8484039
Dec-04,115.3456936,116.8581104,140.994731,118.3614189,115.391643,107.8520814,119.0959782,112.1872308,99.28565342,109.0766402,104.2999083,134.3001034,116.0159127
Jan-05,114.2906388,112.8240368,141.2146108,118.6137178,115.8540004,107.0700145,119.6773901,112.0152249,99.28565342,104.9377989,103.3655223,142.5109231,115.1251731
Feb-05,114.2833693,113.8038441,141.1851656,113.018291,120.6667187,106.9477626,120.0400154,111.281892,98.98498964,103.8681109,102.7374506,144.122227,115.0289917
Mar-05,114.315452,113.795654,141.377325,111.0682631,121.1586299,108.0197257,121.7065008,111.6448054,95.00816195,104.1010855,102.3878017,145.4285461,115.4583127
Apr-05,115.8684315,113.9481243,141.377325,120.5076347,121.8092227,108.3496226,121.9368763,112.701603,95.32465014,105.0991426,103.4270328,149.0314914,116.6512776
May-05,115.1652537,110.2445155,141.4057421,123.9294431,121.9218194,108.5094966,121.9363485,112.3009425,95.16640604,105.2372815,103.6148084,149.5276964,116.2198101
Jun-05,114.8447845,109.4059481,141.4695654,122.4504104,121.7491297,109.6108886,121.9601821,111.5475125,97.18828617,105.4977489,103.456171,149.8195723,116.7876533
Jul-05,115.1026334,109.2074877,142.5061254,121.9230243,124.1193113,109.8611719,124.2780194,111.6708482,96.06199958,105.4160462,103.0498673,151.6543145,116.1628367
Aug-05,115.9215072,110.6953852,150.5043432,116.2167901,124.3292681,112.7287883,124.3596602,113.2573102,96.06193631,107.8638287,103.0822425,153.5561993,117.1650339
Sep-05,117.618496,114.9551821,149.2627745,118.8239551,124.7548762,112.9852279,125.2233685,113.1523446,96.16341864,105.5274094,107.1535238,153.6709829,117.9477022
Oct-05,118.2343554,115.7408219,149.1610152,123.3058686,125.3490029,112.937768,124.7038219,113.0548608,95.84693045,105.4440914,107.1040985,152.0263757,118.1886851
Nov-05,118.0396361,115.1917315,149.247353,121.0232229,126.498949,113.0423653,124.5334153,113.4106263,95.74063559,108.2238216,106.8251032,150.1544933,118.4959003
Dec-05,118.5149241,112.7493243,163.3375225,120.9792964,126.8647039,112.8375449,118.2325739,114.9782641,95.74063559,109.6938789,116.959891,149.3597162,119.8138405
Jan-06,119.7467553,116.3521953,164.5149189,112.2602189,133.022648,112.7368286,125.6360441,115.2156587,95.90039818,107.8038968,116.8999714,151.8162526,121.9884669
Feb-06,119.3971646,116.0801876,164.4719266,111.0489972,132.5775121,112.6844775,125.586169,115.0093128,96.05864228,107.6250534,116.655322,152.3295796,120.7615342
Mar-06,121.5094116,117.7200971,171.0535561,113.6284141,132.6832412,114.2325899,125.937993,119.0247412,96.30891182,114.6794343,116.7156814,154.6190551,122.1436483
Apr-06,123.5459181,118.8218671,171.9826458,122.5614768,135.1377879,113.6408699,126.0445713,120.2132912,96.92371765,115.0550399,117.131861,155.3212033,128.2449171
May-06,126.0676195,121.4479505,179.4210786,125.6279536,136.514255,114.9766519,129.5919615,121.9458317,97.55669404,116.1010413,118.9019324,159.7221109,132.6253313
Jun-06,128.5915066,124.9345111,188.0038103,123.4217685,137.9082196,120.8796704,130.6072762,123.3969621,97.55669404,120.402501,122.5592769,166.8955252,132.6874508
Jul-06,130.6473686,121.5919691,188.3440089,122.2777705,153.0753271,124.4647616,132.2787895,129.5901444,96.25831101,121.6843226,122.5048593,173.0199675,134.976804
Aug-06,133.3934263,125.0673336,188.5725482,122.3794164,152.266553,124.6095327,133.1646068,140.4305723,100.365781,123.0507813,120.4798637,173.4632013,135.5047656
Sep-06,137.4042544,133.7459145,188.5851701,125.4032089,164.4306895,125.2205221,136.4940211,138.7997252,100.3636719,124.7170787,126.6070796,170.2386887,135.2319956
Oct-06,140.535016,132.4717112,188.5851701,131.7545303,164.9469991,126.2423299,136.9879021,141.4510519,99.1315795,133.3978421,157.127724,174.3429252,135.6551645
Nov-06,141.0741557,135.4093368,188.6005571,125.4644186,165.0962284,126.8607158,140.5175968,142.382866,98.73972265,134.6558328,156.6701709,171.7735998,136.8780718
Dec-06,141.2132489,134.9474502,188.996243,124.9435049,164.1523155,126.9327396,141.0919358,144.8450819,98.73972265,136.2400838,156.7690017,171.7142464,135.3855544
Jan-07,143.1141033,139.7897971,197.0088183,119.5959604,166.8617967,126.7480263,152.2639692,145.5142198,97.93320065,133.8794001,156.2142676,172.0733357,137.1140713
Feb-07,144.0476726,138.1690071,200.9527185,110.0860576,167.791932,129.1315948,152.1241408,145.4112449,97.9711631,133.8601942,155.6350707,175.7544448,167.9240401
Mar-07,146.1123292,141.4106858,201.7396496,115.3094532,167.8883855,131.8076349,152.1158283,145.6223481,97.55357614,137.0696211,156.0624777,182.3935495,168.2322693
Apr-07,147.1388063,140.4397298,201.8783236,125.1123492,169.0839635,131.707319,152.0042031,146.1915461,96.28816112,136.5552427,155.2573654,186.5237395,169.4883743
May-07,147.2360304,138.1115874,201.9465138,133.6218847,169.1441789,131.5968186,151.8717965,146.0163309,96.28816112,136.2779491,154.7343468,186.4363566,168.7505466
Jun-07,146.0064685,134.1901173,203.651725,132.6011779,170.0541962,131.3580653,151.7405775,145.3444252,96.28816112,136.0126436,154.0999122,186.0968995,168.7109868
Jul-07,146.3078645,135.6395722,203.651725,130.5322415,170.6556497,131.5398707,152.5768623,145.4438381,96.40850999,135.6488744,153.5384011,186.4718772,169.0245959
Aug-07,149.5769518,146.7878915,203.651725,128.2711751,170.9235977,131.9115205,152.7089719,145.0335015,97.2376257,136.2674412,158.5971884,188.372727,169.7522152
Sep-07,152.0172358,150.3025121,223.6210754,131.3933148,171.1068016,134.4284227,152.4919558,145.2421711,99.76845575,137.9396376,157.8206561,192.9065722,170.2060778
Oct-07,154.3350036,151.5506865,223.2463749,137.9021839,170.535164,135.7141303,152.193299,146.0095982,99.76845575,137.312435,176.7511738,192.8727016,170.8036224
Nov-07,153.9094893,151.1479653,223.1283252,131.0899788,171.0849086,135.0931208,153.9708904,146.0855319,99.45196755,141.1288937,176.4870634,196.4609643,171.8896962
Dec-07,154.50875,153.4760826,223.1283252,130.1969521,171.1626565,135.4927523,153.8058276,146.0291976,99.45196755,141.06478,176.3408708,196.5531128,172.5101134
Jan-08,156.9946078,160.0288044,223.1601991,126.2203918,177.8866751,135.9374234,153.5395302,147.2856059,99.45196755,137.8371625,176.1762625,200.9657489,176.3760827
Feb-08,157.8815378,161.1752466,223.2118083,120.6415118,184.3899939,136.5071074,154.3343634,147.518109,99.61021165,138.1259624,176.6974972,207.3730459,179.1728391
Mar-08,160.3317922,162.7066918,223.1729407,128.1495544,190.017637,139.4778431,155.3513001,148.7431013,99.61021165,139.2836324,178.7482674,207.4809545,181.0742873
Apr-08,164.2155926,165.6427283,229.5854027,139.2899346,194.735634,140.1450251,155.6799414,150.263392,99.6918928,140.2805254,181.1296719,209.7008268,193.733264
May-08,166.7487806,163.4508787,229.8596792,143.6786581,201.3211344,142.7318517,155.3569407,160.5361505,99.6918928,142.9026649,179.6359571,217.7698903,193.5666202
Jun-08,169.63531,165.14448,230.145574,142.4946478,212.6318464,143.6443923,155.2233467,164.8486526,99.6918928,142.7360019,178.9581846,217.7862396,207.0989381
Jul-08,172.300114,170.4565809,230.2287781,141.6024862,223.1410912,143.7170065,155.2123623,166.1857228,99.6918928,145.8089543,178.7247045,218.815748,207.5754295
Aug-08,171.937157,170.9438041,230.2823996,128.4976868,238.4654652,143.934688,156.8404001,163.6372536,99.6918928,145.2314756,177.0331074,220.2993814,204.7834468
Sep-08,176.5517167,176.2238369,230.2081537,135.5727226,244.6337685,144.1414887,156.6515872,164.2064025,100.008381,147.5547209,203.5914553,220.2896133,206.7162038
Oct-08,178.6843675,177.9466685,230.1828262,145.913587,243.0530253,147.4954962,157.3073855,164.5265652,100.8609369,151.3001406,205.1139,221.6915368,208.6570248
Nov-08,179.9177002,176.6412819,230.2144542,142.407536,245.5359155,147.8812802,157.4938234,169.7179881,101.8073632,170.9924726,206.4830929,224.4264627,209.2964209
Dec-08,176.9896163,174.393274,230.3010959,140.1008938,241.0355047,149.031112,157.0669163,156.6760572,101.625699,176.7479452,206.8470242,226.5498589,210.0392248
Jan-09,176.859302,179.8238626,230.2768957,122.4984727,235.1046992,151.041657,159.3480825,156.9778227,101.590822,174.0277711,207.4372394,231.8108405,213.9225566
Feb-09,177.090557,175.5720872,230.5193623,122.7950383,236.4252377,150.8271923,167.72748,159.6222835,101.590822,177.839076,207.3392178,232.0138205,219.1742656
Mar-09,178.856449,177.8070607,231.2084203,124.8867322,236.9847593,154.039534,167.9133242,163.0648723,100.9578456,178.8552183,208.3830437,232.0138205,218.5689185
Apr-09,179.0835289,175.377111,231.3930702,138.3511482,236.4460837,151.7454212,167.7019487,162.3145309,100.9578456,177.3054716,207.5373466,231.7337193,218.7615627
May-09,181.4639292,182.0412127,231.318999,145.2292309,236.568323,150.1334908,167.7295581,162.2868478,100.6249,177.4299363,207.2505812,233.3923162,218.220193
Jun-09,182.7260993,183.8228537,231.4356444,144.9239929,237.3391076,153.1913959,173.1070635,162.9605343,100.5519811,178.5207042,207.8147269,234.0396956,218.5815476
Jul-09,178.4431487,170.3415848,232.0201011,138.6573001,238.1607607,152.194687,174.1988209,162.9128497,100.2796747,177.7494529,207.7521454,233.9353635,218.8117576
Aug-09,181.5600915,182.3127698,232.234374,129.9956041,237.7511038,152.8197523,180.1205571,162.4551919,100.0682131,177.3817311,214.5556724,236.2666847,219.0112061
Sep-09,182.8861042,182.5567176,232.314041,133.9133905,237.743133,153.354851,180.0296125,166.0041305,100.1104326,177.6156988,216.4107159,236.5711546,221.1081852
Oct-09,185.6622243,179.387097,232.1951392,145.9523657,237.8432998,153.7723009,179.8180284,167.1201087,100.0336367,177.7085772,252.1201797,236.5726045,221.8761082
Nov-09,187.6250048,184.9825171,232.1997051,141.5898312,239.5572475,152.8860038,180.0739352,169.8861608,100.0678491,180.9606977,252.5045845,236.8770744,225.3565767
Dec-09,187.1255686,183.6910447,231.9344103,140.0023797,239.6441158,153.1426401,180.103029,170.0261475,100.1439171,183.4732547,252.6735901,235.9761348,223.8284798
Jan-10,183.6759519,185.7543319,231.3026995,144.2916324,237.351879,156.861414,178.1541823,160.4559521,102.732639,155.2449148,249.1483866,241.4222005,235.9065064
Feb-10,183.5912774,188.521496,248.7737269,132.1685745,238.0010909,159.8763309,178.7619512,157.2506413,102.7226271,155.2300914,245.6434781,244.6204179,237.9675175
Mar-10,184.167064,190.4787585,249.1848099,134.1028152,238.2391353,159.5476907,172.4816734,157.5521309,102.6425315,160.0921493,245.1374218,243.8856923,238.7998489
Apr-10,185.4710515,188.6227338,249.550217,149.7401978,243.2813479,159.8191761,172.5284248,158.1075066,102.522388,161.7078941,240.9015431,245.6144585,237.9080653
May-10,184.692046,185.9061884,257.726201,155.4884343,242.9134611,157.733025,176.7672227,154.6641777,102.7927107,161.5003673,237.2654349,246.3707937,241.4950174
Jun-10,184.7428507,180.4899708,257.6576872,157.0412754,243.2813479,158.2474185,178.5593615,158.1709781,102.8728064,162.7899985,236.2908079,249.3096963,242.0895398
Jul-10,185.8605543,182.531598,258.137284,147.4245575,244.6663333,158.9904312,178.7619512,161.9792681,102.7826988,162.7307051,238.0901192,252.7024,241.2968432
Aug-10,187.7064587,194.0220785,267.9576001,140.0689943,244.4932101,159.1476069,179.2450494,159.9481801,102.9629139,161.7523642,237.790234,253.7180501,241.3166606
Sep-10,188.9257716,196.5530213,268.3458451,139.3198165,244.211885,159.3190714,179.8372344,162.1062111,102.8828183,162.0488311,240.1143444,255.8141791,241.4751999
Oct-10,190.8224807,196.4180377,269.8303115,157.095761,243.6059538,160.1478163,180.0242402,163.9786203,104.4246589,162.9975253,242.1385696,255.7061312,241.7724612
Nov-10,190.6870015,192.9422096,270.1272048,166.2357294,244.2768062,160.2478373,180.9281016,163.1534908,104.3946231,164.9690305,241.6887418,254.0205842,243.674933
Dec-10,190.1958893,189.4326355,269.7161218,166.9712858,246.9169346,159.8906196,181.1151073,162.2172862,104.5948621,168.9268642,243.8441668,250.1308602,244.8837953
Jan-11,192.8377341,188.4708772,305.685884,149.7538192,250.639083,161.3337789,181.567038,172.150576,104.6449219,168.2301669,248.4174164,246.8029853,243.8731071
Feb-11,194.1925263,190.3943938,305.7772358,128.1093933,251.6129009,162.5483189,183.515015,179.005498,104.6849697,168.1708735,255.2023194,248.3372653,247.0835283
Mar-11,197.5795068,194.0220785,305.7087219,133.6805514,251.8293049,162.6769173,183.4994312,187.1774536,104.6549338,168.4228704,258.4073427,249.374525,248.2725732
Apr-11,199.4254111,194.6126318,305.5716943,153.7448933,252.0240684,163.7342815,183.4994312,188.1136582,104.4246589,168.7786307,256.4393459,250.1092506,251.1460984
May-11,202.4906285,198.8814888,305.685884,155.9379409,253.5172559,164.8345119,183.7799398,192.3503808,104.4947426,171.0317795,260.6002533,258.990787,254.2772499
Jun-11,201.5084041,189.1626682,306.0284531,159.2888086,254.2530294,165.6918343,183.7799398,194.0958471,104.614886,173.8778621,265.0423031,259.3149307,255.3672077
Jul-11,203.5405924,191.0355659,305.9827773,154.3442355,255.1186453,167.0492613,184.2007029,199.3639816,104.604874,174.2780925,269.1844676,262.7508535,260.4008311
Aug-11,208.2484953,197.5822714,306.3938603,138.2982105,264.1859718,168.8210609,185.1980671,209.2814035,105.035388,172.8995212,282.3044459,264.9982496,265.2164629
Sep-11,209.9589205,204.466436,306.9419709,136.0915415,265.0515877,169.9212912,185.1980671,209.0433853,105.0754358,172.973638,283.6351865,266.4677009,267.654005
Oct-11,212.820919,205.529432,307.4672436,156.8097114,265.9821248,172.264639,185.4162405,211.8043956,105.1154836,175.1674933,286.5590674,266.0787285,269.0610414
Nov-11,216.6482069,208.4484527,346.5429663,162.7077834,290.4574143,172.4789696,186.6941134,207.1233725,105.1555314,174.3225625,281.9108465,266.5973583,271.9345666
Dec-11,218.189283,211.7386784,348.0731085,166.7533432,292.1670057,172.750455,186.6941134,207.9643698,105.2656629,174.8265564,283.3915298,268.5854395,270.2897211
Jan-12,216.6651418,211.9074079,349.0551401,140.3822868,293.5952719,174.0221498,185.462992,206.4727896,109.9512564,172.7364644,279.5117648,271.2001983,274.2730215
Feb-12,216.10629,214.2696213,349.0551401,136.4184555,292.0804441,174.9223383,186.304518,202.5851602,109.7910652,177.0204117,273.9638883,273.1234507,278.1770522
Mar-12,218.1215434,216.0581542,349.6946026,139.4968949,293.0975427,176.4226524,187.317466,205.2192275,114.5066945,178.1321628,276.4191985,274.4848541,277.2456337
Apr-12,222.18592,216.7161993,349.7859544,162.7895118,293.8116759,180.4234901,187.317466,212.7564681,114.5167065,179.807201,276.6441124,275.7166001,277.9986955
May-12,221.8810918,216.2775026,350.1056856,167.8158134,293.1624639,180.4663562,188.8135124,210.106533,114.5367304,180.6669551,274.3012591,279.4118378,278.5139483
Jun-12,219.7811639,205.1919729,350.334065,171.1258169,294.2877646,180.5520884,191.6030154,208.4086703,115.1274356,181.4674159,272.3145196,286.5213888,279.4850016
Jul-12,217.5796266,203.2684564,350.6766342,161.8904986,293.6385527,181.3236786,191.6030154,203.7435151,115.0973997,180.874482,268.8283539,287.9260114,281.5856476
Aug-12,220.0182525,213.4765925,350.767986,145.8444735,294.1795626,181.7666285,191.6030154,207.9326341,115.0473399,181.8231762,267.5913274,290.3462841,283.9241025
Sep-12,223.7947358,220.37763,350.8136619,139.4696521,295.5645481,181.738051,191.6030154,215.5016105,115.0773758,182.9793973,280.9362196,290.9297427,286.8372625
Oct-12,225.8777288,220.9850563,350.767986,164.2333817,296.6682083,183.0669007,191.6030154,215.6761571,115.0573519,182.3716401,282.6043311,291.0594001,286.6985406
Nov-12,226.0640127,221.1369128,351.0877172,174.2314991,296.8196911,182.8382814,195.3742988,211.0586055,122.9968298,181.9269396,281.3110761,286.2404643,288.6406473
Dec-12,226.0470778,221.2044047,351.5444761,175.2667265,297.7718686,183.0383233,195.3742988,209.0116496,122.9667939,187.0113477,282.9229591,287.3857719,286.6390884
Jan-13,228.3163547,228.0379503,351.7728555,161.1958065,303.3550911,183.9242231,198.8027383,213.2959758,122.94677,181.5415326,283.9725574,287.8827922,286.5796361
Feb-13,227.0801068,222.0480523,353.1431322,138.5161531,304.437111,184.0956875,198.8027383,218.7545248,122.9267461,182.2382299,284.9284415,288.4446412,287.6894114
Mar-13,227.5373492,225.0851837,353.4857013,142.2484204,303.7446183,185.8246209,199.7377672,216.0252503,122.8366386,184.4469087,283.4290154,288.7255657,288.7199169
Apr-13,229.4509932,225.2707862,353.8739464,169.4776258,304.0475838,186.7676755,199.8624378,215.9141752,123.3072003,185.573483,282.5855882,288.7039562,285.8860266
May-13,230.1114544,222.6892245,371.0937564,175.5255334,304.6102342,187.5535544,200.0026921,215.692025,123.3272242,186.0330068,284.1787285,295.5325827,284.3402683
Jun-13,233.4984349,222.6892245,371.0937564,180.0478427,305.8220964,188.3251445,200.4234551,225.21275,123.367272,186.4480605,299.1167608,297.3910063,282.4972487
Jul-13,233.295216,215.8388058,371.9615982,179.9524928,307.1854415,189.2110443,203.6025536,228.0848354,123.4373557,187.2336979,302.115613,297.7583692,284.280816
Aug-13,235.4798184,220.360757,371.7788947,158.675845,309.5875256,189.7825925,203.6025536,235.622076,123.7577381,187.9748653,306.4639486,298.125732,290.6025713
Sep-13,240.2893307,224.983946,371.9387603,154.7937422,314.2834918,193.111861,203.6025536,243.746428,124.7589333,190.5393043,332.1978488,305.38655,288.2641164
Oct-13,243.87953,233.7410082,371.8702465,169.6683256,316.7721375,194.2406688,204.0544842,244.0796534,124.7389094,190.5096576,336.0963566,305.3001117,289.2748046
Nov-13,244.7770799,229.5058972,371.664705,181.9003549,329.1937257,194.083493,204.0544842,243.7146922,124.8890887,191.295295,338.3829814,293.9766931,287.7488636
Dec-13,249.1462847,231.9524753,371.7103809,183.4940603,348.540241,194.6121751,204.7557559,246.8406636,124.7489214,197.9361546,343.274859,296.9804244,290.7611107
Jan-14,254.3622347,237.706152,371.8702465,168.0065132,355.7248529,199.6989544,207.4517561,258.852645,124.9091126,193.5780905,359.3187181,298.4282661,298.5295373
Feb-14,260.1878411,251.1032761,391.3966888,161.2366707,357.0881979,205.1715288,210.9892822,265.6599634,124.9391485,195.4161856,363.2921972,299.4006971,301.5814192
Mar-14,261.6611776,254.2416453,395.5760326,168.2516986,356.7419516,206.8290187,211.6749701,264.5492121,124.9391485,195.2086587,365.4101365,300.2434706,307.6653655
Apr-14,262.5587274,257.0594283,397.4259061,183.6302744,354.642833,208.6865505,211.6749701,262.2642381,124.8690648,197.0764004,357.2195216,304.9111393,305.5052673
May-14,260.5096042,253.1449034,397.2660405,186.449907,352.6951973,208.6293956,212.2515713,258.2496657,124.7589333,195.7571225,352.8524431,306.0132278,305.7430763
Jun-14,261.3224796,250.2090097,397.4944199,191.0539447,352.6086357,209.3009648,216.5371207,260.5505076,124.7689453,196.3204097,350.6407896,314.851545,309.1120368
Jul-14,261.9829408,248.7410628,397.7684753,188.88814,353.8637787,209.6867599,216.5371207,262.1214272,124.7889692,197.017107,352.6837576,329.5892769,308.3193402
Aug-14,263.5240169,258.8142153,397.9740168,170.1723179,354.3831483,209.7867808,217.5033173,263.8668935,124.8089931,199.1961391,351.353017,327.6660245,309.7461941
Sep-14,263.6933659,256.468875,397.8141511,171.6434306,357.2396807,210.4011952,217.5033173,263.2480464,124.8490409,198.9886122,358.6064907,329.7189344,310.6379778
Oct-14,268.3165943,264.3991625,397.859827,192.7293786,358.1702178,212.4301914,220.3395717,263.803422,130.7160448,200.2485967,362.4112844,337.4335536,312.1242839
Nov-14,266.5045597,264.7028757,397.6771235,193.0154282,355.4218873,214.1591249,223.1758262,256.9961036,130.9763555,200.4561236,356.9008935,335.8344448,313.2736939
Dec-14,265.3191165,261.7163631,397.3345543,192.4978145,354.7943158,214.7878279,224.0017685,252.9815312,131.2767141,206.9783963,358.1191772,337.2390674,315.1365309
Jan-15,262.9821,265.8671094,397.4259061,186.5452569,352.6519165,214.9878698,226.1990865,243.111713,131.3267738,202.4572754,352.9274144,333.3061242,319.8134408
Feb-15,259.6289893,268.3980522,400.760246,169.8862682,327.6788978,217.0740209,228.1158958,240.0809489,131.4369053,204.443604,357.5194068,334.3649935,323.4598452
Mar-15,264.2183479,274.2360937,416.6782931,175.3212122,330.4921495,219.8460298,228.1158958,246.0155341,131.7472758,206.667106,361.3616861,336.3098555,327.9583983
Apr-15,268.2149849,278.5386966,416.0845066,194.2004912,331.9204157,220.5890425,228.1158958,250.0459744,132.3479929,208.5052011,364.2293385,344.1757418,331.0499151
May-15,272.5503199,274.2023478,416.5184275,205.3428074,335.2097561,225.0328301,228.521075,263.676479,132.3680168,209.483542,374.2005219,346.5960144,331.3471763
Jun-15,273.752698,270.1190934,417.4319453,211.7176289,336.3134164,229.0765339,228.521075,267.230883,132.3980527,211.573634,378.0428013,349.4052595,332.0407858
Jul-15,270.3657175,256.9244447,418.1627595,206.2554421,334.7553078,230.819756,229.876867,267.1198079,132.3780288,211.4402238,374.1630363,352.3225525,330.8517409
Aug-15,272.533385,262.9312157,419.0991152,185.7007292,338.087929,233.5774762,232.1676879,269.8649502,132.4881602,213.8267827,386.5520443,354.3538528,335.5881031
Sep-15,280.6621381,273.780524,420.3780401,181.7777622,342.1779641,235.7350708,233.9286591,284.5427346,133.2991284,217.5622662,412.8294864,361.3553559,342.6827376
Oct-15,284.9297336,284.764816,421.8168306,201.1882763,345.8568317,238.4213476,237.4506015,282.9876829,133.4893554,217.1472125,410.7302899,363.0192934,346.0715155
Nov-15,282.254019,288.983054,422.456293,202.9181958,343.8442747,240.6789631,239.1180698,270.3251186,133.4192718,216.6283953,398.7723669,359.561761,342.9799988
Dec-15,285.9627626,298.533145,422.5704827,214.6326113,343.9741171,241.0361808,239.1180698,271.166116,133.4693315,223.8770121,400.271793,360.1020004,347.1218385
Jan-16,287.3175548,306.6490351,422.2050756,198.1779439,344.6882502,241.6363064,242.5932607,272.3562066,133.5193913,220.4676422,405.1449277,354.6347773,353.6814028
Feb-16,286.8433775,305.1473423,428.6910518,182.1182975,343.6927919,241.6220177,243.9334689,274.0540693,133.4993674,220.245292,405.875898,358.1139193,360.6571328
Mar-16,286.2337211,298.9549689,439.4705615,191.8303653,342.6540529,246.0658052,247.4709951,271.4676056,133.4092598,224.0252456,401.6400193,359.8426855,360.1418801
Apr-16,289.0787847,301.1315797,440.5211069,217.7382936,334.9500714,246.3801568,249.3254691,275.8788749,133.158961,225.1666433,401.3026484,366.6064833,361.4498294
May-16,291.280322,295.9853292,441.4803006,220.3399836,337.7416826,246.8945502,257.0706256,283.7969445,133.4893554,226.308041,407.1316673,369.4373379,365.0565989
Jun-16,292.6181793,288.1225335,442.2567907,226.8101549,342.8920972,247.6232742,257.8342326,289.0809469,133.8097379,226.5452146,406.4006971,382.5327419,371.2990846
Jul-16,295.1922844,296.1540588,480.9899442,220.6805189,338.8453429,247.6375629,257.8342326,289.9060764,133.8197499,228.6501299,402.8208173,389.382978,375.1634805
Aug-16,297.4107567,308.808773,481.058458,192.5659216,339.1699489,248.2376886,257.8342326,294.2856099,133.8097379,229.3023571,407.2628671,390.6579431,373.3402783
Sep-16,299.1889214,307.5264286,479.7566952,189.8552603,339.7975204,247.437521,257.8342326,300.489949,133.8097379,230.2955214,425.0123233,389.2749301,376.1147164
Oct-16,302.6944462,307.6782852,479.2542604,218.1060718,340.5549343,251.8527312,258.6757586,304.806011,133.9799411,230.5030483,429.1732307,388.6698619,374.3311491
Nov-16,307.0128463,303.5781578,478.8203395,222.2469815,360.355898,254.2818112,259.2211922,312.3115159,134.1100965,232.4300834,439.5005279,390.8092101,377.6208399
Dec-16,315.1077297,313.4825808,478.9573671,220.9529472,378.4256298,258.1826279,259.4549494,320.8484326,135.1313156,244.7482849,452.2456496,401.7220468,379.9989297
Jan-17,317.4796457,322.2540278,515.4864043,200.9880914,406.9734581,274.5959496,271.277851,313.5389837,138.4241499,221.4214468,471.3700758,405.224713,379.5041853
Feb-17,321.9323373,326.2657167,515.7358735,200.7545427,410.2915446,278.1668873,271.6252571,317.4578922,139.9480612,225.8515715,482.3800129,422.878136,381.7102163
Mar-17,323.8172191,331.2665893,516.4427027,199.2364763,408.6663594,279.7921217,279.9166829,316.0113152,146.6400195,224.9613072,476.970286,435.3578826,384.3841933
Apr-17,329.7996698,337.0368268,518.8542378,222.1047834,413.4741989,280.570403,285.4751807,317.1685768,146.6400195,231.5111088,478.2274761,465.0016504,386.8910468
May-17,331.0835748,330.9918161,519.4779106,224.3818829,413.2710508,282.836575,285.3825391,317.642002,146.494254,241.388803,477.5417361,479.3690898,387.4258422
Jun-17,333.3235791,323.5729392,521.0163037,227.4569404,410.5962668,285.9497001,286.6563615,317.9313174,148.2831934,262.6915557,478.2655728,484.7874672,388.963379
Jul-17,338.3226133,330.8544294,522.8873222,226.7562944,411.7474396,290.6651691,287.4901361,318.7466608,148.0181653,266.7613353,485.3134564,522.5762797,389.1973519
Aug-17,339.7431039,337.4489866,524.0515115,203.1484165,411.6458656,291.2145441,287.9301839,321.2978966,148.0049139,269.3049475,491.0279566,524.7436306,391.9381784
Sep-17,341.4640829,343.1642695,526.6293594,216.1882172,416.8600014,292.6108723,289.0650438,324.4014617,150.774457,257.6467247,511.2191908,499.9239665,396.0828427
Oct-17,344.6055524,348.8245978,528.9993162,237.3049093,422.1757113,295.3806381,290.5936307,327.9521506,149.9528701,253.0258291,521.5052912,491.0098618,399.425314
Nov-17,349.1128783,346.1043429,529.5814109,243.0852388,427.3559891,300.6683727,292.2843405,336.7631195,150.2576523,259.3000726,537.0106352,495.7990083,404.1716231
Dec-17,355.0133777,357.0677943,530.4961311,244.8563162,433.7551558,309.8246231,293.7897669,340.945042,151.2117533,267.9907478,540.5536253,497.931402,405.6088858
Jan-18,354.221181,358.2493191,531.2445385,235.6700686,433.8228718,317.9050141,296.9164219,340.9187406,151.0262337,259.1940888,538.4964052,495.5892646,410.2214961
Feb-18,359.9304605,370.5591592,531.1613821,222.1242458,436.870094,321.9795455,308.9366733,351.018478,152.3116197,263.9845585,543.7918421,497.8614874,412.327253
Mar-18,363.0446129,370.5316818,533.4066044,218.8156397,438.8000015,330.6322021,310.3262978,354.1483446,152.3116197,268.3934865,549.0491823,501.776702,430.4100224
Apr-18,373.0153641,377.208671,571.8664305,248.0286856,444.3865756,335.0500929,317.0659763,370.5867193,152.5103907,276.956981,563.0687562,510.0266185,433.1842735
May-18,386.6466103,382.676658,577.3963298,251.8043891,470.0848164,349.2193904,320.0768292,385.052489,152.9741898,293.6176413,576.8597501,554.9816721,440.0697643
Jun-18,398.010535,395.4810899,579.0594574,255.5411678,481.1563905,348.2350935,329.7578795,396.967023,153.0802011,310.7234337,590.8031307,589.4145864,443.8133321
Jul-18,406.9978697,405.400403,578.7268319,254.2955749,519.2466684,350.2952499,330.4990125,400.0968895,155.4654535,319.5200928,596.0223742,592.945271,447.891147
Aug-18,441.2535465,439.3898498,586.7514226,244.2919069,557.7093846,412.1915026,367.9493912,436.3665195,162.9789987,358.1194088,645.0908829,638.8092137,465.0045998
Sep-18,468.5979902,485.1395903,606.3763285,249.7413758,569.5935513,436.6844724,376.2176566,502.4093337,167.2194475,352.0359361,686.6162512,652.6522939,494.4183468
Oct-18,476.0009315,495.2512446,616.8124543,275.1203311,575.3494155,458.8883797,383.744789,517.1644188,166.0268212,347.7753856,672.9014507,640.5570773,507.2200117
Nov-18,468.3794532,515.0074388,614.8582793,296.8014325,581.7147242,450.8995512,380.2244071,484.4980806,163.1777697,320.8978828,653.0911832,617.6950205,508.1893283
Dec-18,461.3862688,501.3237327,613.5693554,305.4038084,574.0289525,445.772051,382.1930417,459.8010664,189.0577587,330.4364287,644.9765929,562.252785,514.6068731
Jan-19,463.8174931,507.2863115,614.1514501,289.0554016,569.5258352,447.7635354,381.6371919,452.9627026,189.5215578,346.4399892,648.2148097,561.8332977,547.396516
Feb-19,463.1072478,508.8525188,615.7729995,276.8524837,574.672255,445.2455666,400.7908488,451.41092,190.3298933,330.7119867,643.7955962,573.7537279,551.2069333
Mar-19,469.2536013,510.9407952,614.4840756,276.1907625,579.6155266,449.2743167,405.1450054,458.854216,190.0118597,342.9213255,648.6719697,598.2587765,558.8611924
Apr-19,487.7746131,517.7276937,687.9943162,305.7152066,625.120712,452.2043169,408.2021791,480.0794455,190.9262064,357.7590637,659.0723601,637.9352818,565.8135326
May-19,490.0692517,515.7493265,697.8899255,312.0015583,605.4491995,455.4547858,410.356097,488.2065779,191.0984747,364.1816846,669.7013305,658.3503295,570.9609383
Jun-19,496.2975566,507.3412661,700.6340861,314.0061844,604.0271625,467.3350207,412.5563357,483.866847,193.8547664,396.8247086,664.596377,709.4928204,582.6595877
Jul-19,501.5970792,511.1880911,703.1703557,313.5974742,601.5216687,470.8143958,440.1172204,490.3632927,212.7115121,390.6352521,658.3866201,740.0804346,584.6650704
Aug-19,503.4819609,519.5137196,780.8384153,267.8219352,600.3366378,470.4939271,443.0817526,486.5495897,214.9377477,390.550465,653.0911832,757.2094986,606.4245583
Sep-19,512.9610039,539.2424365,779.5079132,279.2852824,599.8964835,473.2636928,445.2819913,491.1786361,216.0243627,383.491941,771.5337247,725.5731662,605.990037
Oct-19,510.8029509,536.4947043,781.5452446,341.2729914,601.995681,472.6227553,459.6877646,473.8460138,216.4881618,359.7939535,772.1051747,728.4047053,610.3352496
Nov-19,508.4263608,535.9451579,783.1252158,347.1895576,605.5169156,477.475568,464.9451771,476.1342355,183.7704491,371.1766183,771.724208,682.5407626,611.0371686
Dec-19,515.2010082,545.782039,783.2083722,357.913334,612.4578107,495.9711938,466.0568766,479.8953357,189.8660942,375.5855462,774.2004915,686.2462336,616.4185473
Jan-20,523.9424888,571.583244,782.293652,357.9522588,618.4506811,498.3747095,469.5309377,485.970959,191.2177373,378.0443714,779.191155,692.3287992,638.6459811
Feb-20,527.1866337,583.4259696,784.5388743,297.4826161,621.5994774,500.7553346,488.8698778,487.4964401,192.6753916,389.7873813,780.562635,695.6846974,647.8712017
Mar-20,529.652518,579.8539178,824.8281408,297.4826161,622.2427799,504.4407254,491.4175226,493.019734,192.7018944,390.826023,793.4393089,695.6846974,649.5424373
Apr-20,528.4411779,571.1436069,828.4870215,314.0061844,589.705218,509.36221,496.2348874,502.5671421,192.7283972,392.203813,808.5636862,695.6846974,653.1523063
May-20,532.4114048,565.9229158,830.8985566,381.5017495,599.219323,517.6028354,497.4160681,491.2575403,195.9087338,394.493064,814.3924764,697.0130738,669.5972648
Jun-20,537.7793102,558.3941297,834.3495464,392.4201497,599.287039,533.237133,499.4078632,500.9364553,197.5784105,396.5703473,814.6210564,745.4288975,676.9841263
Jul-20,548.3963314,551.7171405,839.9210239,389.6370281,635.6505577,541.0886177,504.7579173,528.9211444,198.9168021,396.9942827,817.8211766,773.0801007,685.1063314
Aug-20,560.913396,572.3251317,843.8293738,360.5407565,645.706391,550.1761962,541.6061253,553.1184319,199.7251377,398.8172048,838.7743441,779.7569399,703.0219773
Sep-20,570.3219514,591.8615074,846.5735343,354.6241902,650.8866688,580.8496351,547.5815104,564.3228281,201.580334,400.9580785,879.4234891,744.0306065,712.2806226
Oct-20,576.2912897,594.8290581,852.1034336,343.6863276,661.3487985,595.8201045,553.4410935,574.0017432,201.6333396,403.3109198,888.4143028,756.8249686,717.2609048
Nov-20,590.1816497,618.2946908,861.2922137,382.5137937,680.0384282,623.7924495,558.2352978,584.6275086,203.9655864,406.7235996,895.4621864,760.2507814,720.4362525
Dec-20,592.6028627,625.6036583,858.4233186,387.7881011,683.3226566,628.2103403,561.940963,583.9436722,203.952335,410.9205598,891.3096495,755.8811222,721.7063915
Jan-21,595.4762914,632.1982155,859.9201334,390.1625126,679.2935516,669.4363577,564.2106829,579.5513385,204.2703687,408.3981443,881.7854825,754.8673613,739.9228598
Feb-21,595.342558,646.9260599,871.3541358,364.2386104,676.3140455,668.4291702,585.2866535,571.6083158,204.2306145,408.0377993,872.2613154,750.7773603,735.143126
Mar-21,603.6624438,654.3449367,871.8114959,346.8003098,696.3579961,680.3551863,596.5194511,583.207233,205.661766,410.6450018,881.8616758,764.5155687,745.7053351
Apr-21,615.3681705,664.9511828,874.8467038,369.921628,706.1768233,691.1137806,603.0738464,603.3278036,207.3446941,416.3257359,899.4242399,777.3798453,755.833023
May-21,625.3408687,664.3741591,880.7508068,414.6461979,711.120095,693.9751088,624.1729774,624.027005,209.0938792,417.5127549,906.8149935,799.8573721,771.408939
Jun-21,644.9480526,672.0952865,882.8712945,418.4219014,720.8034901,735.3613606,653.146647,671.9218536,212.0091877,420.6710735,915.4629372,863.8641396,774.2834642
Jul-21,659.3605138,696.8248759,909.0655545,418.499751,719.7877493,762.3722993,665.5837857,714.2671068,212.1682046,420.8194508,914.7771972,862.6406351,778.1607309
Aug-21,676.1002901,745.3223485,909.8971183,412.1939369,720.9050641,765.9661276,672.2076622,720.8950595,217.0579721,423.4902437,910.5865637,966.9880961,779.3974453
Sep-21,690.1528911,757.9069618,909.6476491,405.9659724,734.414416,778.304175,677.5113955,719.8693049,217.9723188,427.1996783,1028.533848,995.5481884,792.0654113
Oct-21,712.4911689,777.5807241,912.5165443,448.919465,752.4946013,833.150115,698.9579327,761.8989413,223.9752041,431.2906546,1044.191579,989.4306656,820.0084709
Nov-21,751.8198322,838.0583089,926.7362854,491.8534952,786.9959285,863.1139444,718.5516373,838.5938223,238.9757917,439.8965428,1069.144897,995.2685303,866.5690954
Dec-21,865.7662319,989.7606015,996.3381761,525.0563308,858.9442313,1007.828482,767.0495302,1037.3798,282.5861572,491.2775103,1175.358408,1185.995414,922.3215158
Jan-22,913.2241861,1054.222398,1048.685118,550.9607706,978.666207,1109.211065,763.4133463,1092.560136,280.3069159,498.1028699,1163.357957,1190.574817,999.0980803
Feb-22,978.1725593,1148.442134,1103.900955,543.5456004,1012.117935,1139.220675,869.1869265,1164.494464,283.0367048,639.0189888,1171.053484,1229.866792,1061.635717
Mar-22,1105.849514,1255.438824,1183.523189,535.9747311,1294.663152,1242.228492,899.3186165,1381.691421,289.6226519,766.9202917,1191.663782,1349.805197,1157.163546
Apr-22,1161.889617,1364.661178,1386.674227,591.0143672,1372.502751,1302.041698,912.195803,1438.002717,291.1465631,773.766848,1195.625835,1414.930597,1185.775099
May-22,1238.94995,1453.330494,1413.450582,643.9326029,1330.958955,1429.199126,941.0073497,1488.027979,293.8498492,952.7311669,1203.549942,1758.245979,1205.99705
Jun-22,1357.158045,1525.128736,1423.304613,691.1094339,1409.340282,1526.186708,970.4905482,1810.614644,306.4784358,1025.732839,1251.437454,2026.857668,1299.920492
Jul-22,1427.85792,1567.031651,1429.208716,698.6219161,1586.316178,1575.218429,1113.29762,1784.655163,325.2291702,1127.519722,1255.513798,2380.625274,1328.0641
Aug-22,1475.115839,1626.355188,1469.955343,670.0316666,1606.698709,1667.76523,1167.076086,1707.933981,328.9528143,1360.514605,1271.628688,2422.713831,1418.711921
Sep-22,1520.610854,1693.12508,1493.488598,691.7906175,1611.980561,1703.154138,1194.243243,1680.186004,326.0905114,1322.254437,1782.505009,2536.674542,1449.462656
Oct-22,1572.557917,1794.269101,1508.415169,889.2560165,1612.082135,1764.638359,1218.909077,1727.002495,331.8283686,1382.707622,1788.257606,2534.192576,1484.859427
Nov-22,1611.544606,1887.307312,1561.676831,927.65531,1623.695438,1813.006252,1235.58457,1817.768625,336.877153,1417.449126,1797.81987,2368.4951,1533.32526
Dec-22,1683.983278,1966.991544,1560.387907,1040.945876,1769.115654,1864.052348,1366.417711,1733.183324,338.6793437,1527.460356,1810.544157,2751.661774,1605.689762
Jan-23,1728.095563,2023.924555,1646.371604,1054.666861,1779.036055,2046.055715,1455.932686,1773.634877,345.3447991,1551.391508,1818.773037,2657.277136,1801.458303
Feb-23,1808.443031,2163.124666,1743.789305,1043.767923,1851.796951,2216.087286,1542.112561,1831.550558,468.9671326,1563.176911,1822.506511,2722.22775,1879.037061
Mar-23,1846.466209,2234.59318,1764.370509,1068.271071,1869.098401,2279.975023,1617.129121,1841.150569,469.3646746,1574.72915,1825.058987,2863.839664,1938.165377
Apr-23,1944.293206,2358.5159,1774.058227,1124.147589,1909.321735,2345.304869,1630.562157,1960.295909,471.2993794,1701.189073,1855.460129,3257.668306,1992.112863
May-23,2014.667771,2393.714349,1795.886777,1208.069411,1976.123618,2350.157682,1644.481562,2034.939281,491.799299,1886.491226,1892.299607,3402.566204,2027.141962
Jun-23,2245.175944,2380.360371,1994.214745,1258.65216,2112.232877,2421.988466,1716.487268,2308.500137,503.8978294,2230.811538,3086.287285,4014.42336,2195.635937
Jul-23,2467.487407,2529.809523,2169.674709,1292.185856,2443.635224,2659.158243,1996.820838,2659.308204,556.4926457,2429.001326,3210.139554,4356.340451,2362.69265
Aug-23,2668.454391,2785.925638,2190.463804,1277.355516,2725.503281,2830.288563,2246.397388,2920.375896,583.3267357,2600.122841,3232.997555,4763.173198,2512.06769
Sep-23,2755.646156,2911.909157,2406.545659,1319.141265,2828.87183,2963.969819,2276.66804,3029.868622,577.2045877,2429.04372,3811.228785,4836.478601,2576.109439
Oct-23,2808.554269,3007.887441,2427.251598,1541.460135,2858.666892,3023.966149,2295.312168,3097.436917,590.9727949,2457.404996,3833.058176,4755.307812,2635.538578
Nov-23,2932.82103,3051.548905,2637.720398,1702.414092,3042.008097,3382.799603,2333.550001,3143.648476,667.9634431,2578.014611,3867.802337,5066.847032,2796.578843
Dec-23,3092.368236,3232.679409,2640.797184,1776.526869,3351.673591,3436.569683,2679.427524,3176.104403,717.7489621,2633.105013,3922.204379,5832.166618,2901.53244
Jan-24,3211.003844,3558.972604,2740.584841,1763.17567,3546.052512,3613.0793,2901.095782,3244.435439,728.3235812,2718.99432,3980.758958,5317.420768,3232.938464
Feb-24,3358.453145,3877.901875,2764.03494,1864.496868,3660.120197,3779.173683,2956.263872,3363.870095,749.817356,2770.120926,4022.322423,5606.901948,3462.231991
Mar-24,3590.454655,4008.693926,2845.15399,2216.94127,3992.402853,4255.89386,3136.915049,3552.687842,798.648774,3066.388164,4123.507174,5960.634598,3678.489881
Apr-24,3803.023831,3923.651616,3138.238654,2256.177446,4029.545106,4338.803707,3424.289384,3647.136167,923.5432421,3663.628321,4674.3469,6923.043291,3816.199696
May-24,3936.077015,4018.365943,3161.480862,2304.775032,4094.924952,4672.617707,3480.337569,3687.035391,936.6488791,3769.760543,5332.809713,7160.75275,3975.167629
Jun-24,4112.390803,4240.465134,3166.80287,2330.99087,4505.453503,4725.884193,3643.618441,3714.704463,931.9446312,3783.68682,5662.993537,7836.651631,4278.931416
Jul-24,4256.731746,4384.006662,3358.062546,2338.133567,4632.86125,4853.980137,3746.705414,3778.327548,1072.754034,3974.7121,5683.870511,8255.12515,4583.59767
Aug-24,4396.361424,4560.163771,3379.974252,2273.304349,4761.013874,4945.245062,3825.404478,3868.804363,1086.760766,4179.642461,5933.403688,8688.280725,4661.811497
Sep-24,4507.367433,4603.385598,3631.064944,2280.48597,4850.399059,5129.606164,3981.088736,3936.556768,1139.196565,3958.517769,7807.988344,8064.642968,4808.646259
Oct-24,4652.450049,4650.866409,3641.667383,2798.905627,5101.964184,5310.80836,4567.718693,3964.173237,1154.104393,3992.792944,7821.474564,8447.844598,5049.10364
Nov-24,4688.87261,4782.290439,3775.923359,3078.36607,5186.88011,5406.536958,4589.535797,3947.86637,1164.997046,3992.68696,7811.836107,8019.408256,5147.138322
Dec-24,4740.424605,4901.349673,3782.866917,3140.801414,5203.707548,5464.930945,4638.983267,3964.909676,1176.56552,4015.939815,7817.855381,8133.33401,5262.119333
Jan-25,4835.941311,4969.713249,3796.754033,3113.748694,5345.911252,5520.761182,4987.73268,4009.70096,1312.15387,4066.896848,7925.859435,8236.038479,5489.440802
Feb-25,4940.200475,5029.668765,3795.132483,3046.214204,5529.997333,5575.217981,5162.547435,4077.006241,1330.401051,4112.554688,8418.792225,8352.970558,5718.433507
Mar-25,5151.568239,5109.682726,4090.379213,3172.953281,5687.640297,5687.267595,5417.450878,4208.250225,1349.271048,4874.387755,8478.184931,8551.842487,5892.342286
Apr-25,5360.591891,5272.980448,4142.060904,3255.55166,6012.101748,5937.347684,5609.056928,4341.072292,1380.18657,5062.636258,8642.762538,9364.983623,6037.873484
May-25,5505.863931,5384.767633,4275.849471,3414.097026,6065.008243,6097.656071,5660.660252,4450.467314,1397.162865,5304.630271,9197.627893,9491.410902,6118.780989
Jun-25,5583.786043,5221.46047,4297.022819,3590.849698,6138.121317,6302.498951,5730.625906,4555.796918,1399.401104,5287.597566,9346.903256,10264.50418,6291.734176
Jul-25,5760.719003,5287.653338,4513.769926,3574.929464,6247.516595,6419.607393,5994.72403,4692.932415,1430.674414,5379.782313,9486.603739,11631.26366,6477.542152
Aug-25,5953.422563,5854.730301,4548.903497,3510.800892,6268.068416,6607.837011,6171.600061,4767.154965,1444.15109,5429.128391,9709.850215,11997.72075,6832.178351
Sep-25,6274.160968,6198.141866,4722.326129,3522.92596,6352.273324,6722.702172,6526.602785,4809.92104,1449.464902,5710.070365,12146.32263,12436.85402,7031.055391
